Model,R2 Score,MAE,RMSE
RandomForest,0.28603783670777694,289497.5745980012,350470.3967048718
XGBoost,0.2930199503468641,288154.9343763481,348752.49322459963
LightGBM,0.2915743557158974,288464.1497141489,349108.8662778722
AdaBoost,0.29,288897.92,349401.42
Linear Regression,0.26742028329475187,292440.4334018878,355010.4906502726
DecisionTree,-0.4345647619652657,389166.5985188913,496791.1163713217
Weighted Ensemble,0.15265513401637154,308612.9641483466,381806.9618094739
